filename,label
10_20261003162758.jpg,2
11_20261003162808.jpg,2
12_20261003162818.jpg,2
13_20261003162829.jpg,2
14_20261003162839.jpg,2
15_20261003162849.jpg,2
16_20261003162859.jpg,2
17_20261003162909.jpg,2
18_20261003162919.jpg,2
19_20261003162930.jpg,2
1_20261003162626.jpg,2
20_20261003162940.jpg,2
21_20261003162950.jpg,2
22_20261003163000.jpg,2
23_20261003163010.jpg,2
24_20261003163021.jpg,2
25_20261003163031.jpg,2
26_20261003163041.jpg,2
27_20261003163051.jpg,2
28_20261003163101.jpg,2
29_20261003163112.jpg,2
2_20261003162637.jpg,2
30_20261003163122.jpg,2
31_20261003163132.jpg,2
32_20261003163142.jpg,2
33_20261003163152.jpg,2
34_20261003163202.jpg,2
35_20261003163213.jpg,2
36_20261003163223.jpg,2
37_20261003163233.jpg,0
38_20261003163243.jpg,0
39_20261003163253.jpg,0
3_20261003162647.jpg,0
40_20261003163304.jpg,0
41_20261003163314.jpg,0
42_20261003163324.jpg,0
43_20261003163334.jpg,0
44_20261003163344.jpg,0
45_20261003163355.jpg,0
46_20261003163405.jpg,0
47_20261003163415.jpg,0
48_20261003163425.jpg,0
49_20261003163435.jpg,0
4_20261003162657.jpg,1
50_20261003163445.jpg,1
51_20261003163456.jpg,1
52_20261003163506.jpg,1
53_20261003163516.jpg,1
54_20261003163526.jpg,1
55_20261003163536.jpg,1
56_20261003163546.jpg,1
57_20261003163557.jpg,1
58_20261003163607.jpg,1
59_20261003163617.jpg,1
5_20261003162707.jpg,1
60_20261003163627.jpg,1
61_20261003163637.jpg,1
62_20261003163647.jpg,1
63_20261003163658.jpg,1
64_20261003163708.jpg,1
65_20261003163718.jpg,1
66_20261003163728.jpg,1
67_20261003163739.jpg,1
68_20261003163749.jpg,1
69_20261003163759.jpg,1
6_20261003162717.jpg,1
70_20261003163809.jpg,1
7_20261003162728.jpg,1
8_20261003162738.jpg,1
9_20261003162748.jpg,1
100_20260920224149.jpg,0
101_20260920224159.jpg,0
102_20260920224209.jpg,0
103_20260920224219.jpg,0
104_20260920224229.jpg,0
105_20260920224239.jpg,0
106_20260920224250.jpg,0
107_20260920224300.jpg,0
108_20260920224310.jpg,0
109_20260920224320.jpg,0
10_20260920222634.jpg,0
110_20260920224330.jpg,0
111_20260920224340.jpg,2
112_20260920224351.jpg,2
113_20260920224401.jpg,2
114_20260920224411.jpg,2
115_20260920224421.jpg,2
116_20260920224431.jpg,2
117_20260920224441.jpg,2
118_20260920224452.jpg,2
119_20260920224502.jpg,2
11_20260920222644.jpg,2
120_20260920224512.jpg,2
12_20260920222654.jpg,2
13_20260920222704.jpg,2
14_20260920222715.jpg,2
15_20260920222725.jpg,2
16_20260920222735.jpg,2
17_20260920222745.jpg,2
18_20260920222755.jpg,2
19_20260920222805.jpg,2
1_20260920222503.jpg,0
20_20260920222815.jpg,0
21_20260920222825.jpg,0
22_20260920222836.jpg,0
23_20260920222846.jpg,0
24_20260920222856.jpg,0
25_20260920222906.jpg,0
26_20260920222916.jpg,0
27_20260920222927.jpg,0
28_20260920222937.jpg,0
29_20260920222947.jpg,0
2_20260920222513.jpg,0
30_20260920222957.jpg,0
31_20260920223007.jpg,1
32_20260920223017.jpg,1
33_20260920223028.jpg,1
34_20260920223038.jpg,1
35_20260920223048.jpg,1
36_20260920223058.jpg,1
37_20260920223108.jpg,1
38_20260920223118.jpg,1
39_20260920223128.jpg,1
3_20260920222523.jpg,1
40_20260920223138.jpg,1
41_20260920223149.jpg,1
42_20260920223159.jpg,1
43_20260920223209.jpg,1
44_20260920223219.jpg,1
45_20260920223229.jpg,1
46_20260920223239.jpg,1
47_20260920223249.jpg,1
48_20260920223259.jpg,1
49_20260920223310.jpg,1
4_20260920222533.jpg,1
50_20260920223320.jpg,1
51_20260920223330.jpg,1
52_20260920223340.jpg,0
53_20260920223350.jpg,0
54_20260920223401.jpg,0
55_20260920223411.jpg,0
56_20260920223421.jpg,0
57_20260920223431.jpg,0
58_20260920223441.jpg,0
59_20260920223451.jpg,0
5_20260920222543.jpg,0
60_20260920223501.jpg,0
61_20260920223512.jpg,1
62_20260920223522.jpg,1
63_20260920223532.jpg,1
64_20260920223542.jpg,1
65_20260920223552.jpg,1
66_20260920223603.jpg,1
67_20260920223613.jpg,1
68_20260920223623.jpg,1
69_20260920223633.jpg,1
6_20260920222554.jpg,1
70_20260920223643.jpg,1
71_20260920223653.jpg,1
72_20260920223704.jpg,0
73_20260920223714.jpg,0
74_20260920223724.jpg,0
75_20260920223734.jpg,0
76_20260920223744.jpg,0
77_20260920223754.jpg,0
78_20260920223805.jpg,0
79_20260920223815.jpg,0
7_20260920222604.jpg,0
80_20260920223825.jpg,0
81_20260920223835.jpg,0
82_20260920223845.jpg,0
83_20260920223855.jpg,2
84_20260920223906.jpg,2
85_20260920223916.jpg,2
86_20260920223926.jpg,2
87_20260920223936.jpg,2
88_20260920223946.jpg,2
89_20260920223957.jpg,2
8_20260920222614.jpg,2
90_20260920224007.jpg,2
91_20260920224017.jpg,2
92_20260920224027.jpg,1
93_20260920224037.jpg,1
94_20260920224047.jpg,1
95_20260920224058.jpg,1
96_20260920224108.jpg,1
97_20260920224118.jpg,1
98_20260920224128.jpg,1
99_20260920224138.jpg,1
9_20260920222624.jpg,1
